{
  "count": 8,
  "value": [
    {
      "id": 545,
      "rev": 1,
      "fields": {
        "System.AreaPath": "SQLProjectTemplate",
        "System.TeamProject": "SQLProjectTemplate",
        "System.IterationPath": "$ProjectName$\\Iteration 1",
        "System.WorkItemType": "User Story",
        "System.State": "New",
        "System.Reason": "New",
        "System.CreatedDate": "2020-06-25T03:13:08.847Z",
        "System.CreatedBy": "viswanadham kvn <kvn.shp10@outlook.com>",
        "System.ChangedDate": "2020-06-25T03:13:08.847Z",
        "System.ChangedBy": "viswanadham kvn <kvn.shp10@outlook.com>",
        "System.Title": "Define Strategy",
        "Microsoft.VSTS.Scheduling.Effort": 0.0,
        "System.Description": "Define Strategy",
        "System.AssignedTo": null,
        "Microsoft.VSTS.Scheduling.RemainingWork": 0.0,
        "Microsoft.VSTS.Common.Priority": 2.0,
        "System.BoardLane": null,
        "System.Tags": null,
        "Microsoft.VSTS.TCM.Steps": null,
        "Microsoft.VSTS.TCM.Parameters": null,
        "Microsoft.VSTS.TCM.LocalDataSource": null,
        "Microsoft.VSTS.TCM.AutomationStatus": null,
        "System.History": null
      },
      "relations": [
        {
          "rel": "System.LinkTypes.Hierarchy-Forward",
          "url": "https://dev.azure.com/kvnshp10/_apis/wit/workItems/527",
          "attributes": {
            "isLocked": "false",
            "comment": "Making a new link for the dependency",
            "name": "Child"
          }
        },
        {
          "rel": "System.LinkTypes.Hierarchy-Reverse",
          "url": "https://dev.azure.com/kvnshp10/_apis/wit/workItems/492",
          "attributes": {
            "isLocked": "false",
            "comment": "Making a new link for the dependency",
            "name": "Parent"
          }
        },
        {
          "rel": "System.LinkTypes.Hierarchy-Forward",
          "url": "https://dev.azure.com/kvnshp10/_apis/wit/workItems/528",
          "attributes": {
            "isLocked": "false",
            "comment": "Making a new link for the dependency",
            "name": "Child"
          }
        }
      ],
      "url": "https://dev.azure.com/kvnshp10/_apis/wit/workItems/545"
    },
    {
      "id": 544,
      "rev": 1,
      "fields": {
        "System.AreaPath": "SQLProjectTemplate",
        "System.TeamProject": "SQLProjectTemplate",
        "System.IterationPath": "$ProjectName$\\Iteration 1",
        "System.WorkItemType": "User Story",
        "System.State": "New",
        "System.Reason": "New",
        "System.CreatedDate": "2020-06-25T03:13:08.16Z",
        "System.CreatedBy": "viswanadham kvn <kvn.shp10@outlook.com>",
        "System.ChangedDate": "2020-06-25T03:13:08.16Z",
        "System.ChangedBy": "viswanadham kvn <kvn.shp10@outlook.com>",
        "System.Title": "Plan and Assessment",
        "Microsoft.VSTS.Scheduling.Effort": 0.0,
        "System.Description": "Plan and Assessment",
        "System.AssignedTo": null,
        "Microsoft.VSTS.Scheduling.RemainingWork": 0.0,
        "Microsoft.VSTS.Common.Priority": 2.0,
        "System.BoardLane": null,
        "System.Tags": null,
        "Microsoft.VSTS.TCM.Steps": null,
        "Microsoft.VSTS.TCM.Parameters": null,
        "Microsoft.VSTS.TCM.LocalDataSource": null,
        "Microsoft.VSTS.TCM.AutomationStatus": null,
        "System.History": null
      },
      "relations": [
        {
          "rel": "System.LinkTypes.Hierarchy-Forward",
          "url": "https://dev.azure.com/kvnshp10/_apis/wit/workItems/523",
          "attributes": {
            "isLocked": "false",
            "comment": "Making a new link for the dependency",
            "name": "Child"
          }
        },
        {
          "rel": "System.LinkTypes.Hierarchy-Forward",
          "url": "https://dev.azure.com/kvnshp10/_apis/wit/workItems/522",
          "attributes": {
            "isLocked": "false",
            "comment": "Making a new link for the dependency",
            "name": "Child"
          }
        },
        {
          "rel": "System.LinkTypes.Hierarchy-Forward",
          "url": "https://dev.azure.com/kvnshp10/_apis/wit/workItems/526",
          "attributes": {
            "isLocked": "false",
            "comment": "Making a new link for the dependency",
            "name": "Child"
          }
        },
        {
          "rel": "System.LinkTypes.Hierarchy-Forward",
          "url": "https://dev.azure.com/kvnshp10/_apis/wit/workItems/524",
          "attributes": {
            "isLocked": "false",
            "comment": "Making a new link for the dependency",
            "name": "Child"
          }
        },
        {
          "rel": "System.LinkTypes.Hierarchy-Reverse",
          "url": "https://dev.azure.com/kvnshp10/_apis/wit/workItems/492",
          "attributes": {
            "isLocked": "false",
            "comment": "Making a new link for the dependency",
            "name": "Parent"
          }
        },
        {
          "rel": "System.LinkTypes.Hierarchy-Forward",
          "url": "https://dev.azure.com/kvnshp10/_apis/wit/workItems/525",
          "attributes": {
            "isLocked": "false",
            "comment": "Making a new link for the dependency",
            "name": "Child"
          }
        }
      ],
      "url": "https://dev.azure.com/kvnshp10/_apis/wit/workItems/544"
    },
    {
      "id": 543,
      "rev": 1,
      "fields": {
        "System.AreaPath": "SQLProjectTemplate",
        "System.TeamProject": "SQLProjectTemplate",
        "System.IterationPath": "$ProjectName$\\Iteration 1",
        "System.WorkItemType": "User Story",
        "System.State": "New",
        "System.Reason": "New",
        "System.CreatedDate": "2020-06-25T03:13:07.87Z",
        "System.CreatedBy": "viswanadham kvn <kvn.shp10@outlook.com>",
        "System.ChangedDate": "2020-06-25T03:13:07.87Z",
        "System.ChangedBy": "viswanadham kvn <kvn.shp10@outlook.com>",
        "System.Title": "CAF SQL Migration Readiness",
        "Microsoft.VSTS.Scheduling.Effort": 0.0,
        "System.Description": "CAF SQL Migration Readiness",
        "System.AssignedTo": null,
        "Microsoft.VSTS.Scheduling.RemainingWork": 0.0,
        "Microsoft.VSTS.Common.Priority": 2.0,
        "System.BoardLane": null,
        "System.Tags": null,
        "Microsoft.VSTS.TCM.Steps": null,
        "Microsoft.VSTS.TCM.Parameters": null,
        "Microsoft.VSTS.TCM.LocalDataSource": null,
        "Microsoft.VSTS.TCM.AutomationStatus": null,
        "System.History": null
      },
      "relations": [
        {
          "rel": "System.LinkTypes.Hierarchy-Forward",
          "url": "https://dev.azure.com/kvnshp10/_apis/wit/workItems/518",
          "attributes": {
            "isLocked": "false",
            "comment": "Making a new link for the dependency",
            "name": "Child"
          }
        },
        {
          "rel": "System.LinkTypes.Hierarchy-Forward",
          "url": "https://dev.azure.com/kvnshp10/_apis/wit/workItems/521",
          "attributes": {
            "isLocked": "false",
            "comment": "Making a new link for the dependency",
            "name": "Child"
          }
        },
        {
          "rel": "System.LinkTypes.Hierarchy-Reverse",
          "url": "https://dev.azure.com/kvnshp10/_apis/wit/workItems/492",
          "attributes": {
            "isLocked": "false",
            "comment": "Making a new link for the dependency",
            "name": "Parent"
          }
        },
        {
          "rel": "System.LinkTypes.Hierarchy-Forward",
          "url": "https://dev.azure.com/kvnshp10/_apis/wit/workItems/519",
          "attributes": {
            "isLocked": "false",
            "comment": "Making a new link for the dependency",
            "name": "Child"
          }
        },
        {
          "rel": "System.LinkTypes.Hierarchy-Forward",
          "url": "https://dev.azure.com/kvnshp10/_apis/wit/workItems/546",
          "attributes": {
            "isLocked": "false",
            "name": "Child"
          }
        },
        {
          "rel": "System.LinkTypes.Hierarchy-Forward",
          "url": "https://dev.azure.com/kvnshp10/_apis/wit/workItems/520",
          "attributes": {
            "isLocked": "false",
            "comment": "Making a new link for the dependency",
            "name": "Child"
          }
        }
      ],
      "url": "https://dev.azure.com/kvnshp10/_apis/wit/workItems/543"
    },
    {
      "id": 542,
      "rev": 1,
      "fields": {
        "System.AreaPath": "SQLProjectTemplate",
        "System.TeamProject": "SQLProjectTemplate",
        "System.IterationPath": "$ProjectName$\\Iteration 1",
        "System.WorkItemType": "User Story",
        "System.State": "New",
        "System.Reason": "New",
        "System.CreatedDate": "2020-06-25T03:13:07.593Z",
        "System.CreatedBy": "viswanadham kvn <kvn.shp10@outlook.com>",
        "System.ChangedDate": "2020-06-25T03:13:07.593Z",
        "System.ChangedBy": "viswanadham kvn <kvn.shp10@outlook.com>",
        "System.Title": "Migration of On-Prem to Azure VM",
        "Microsoft.VSTS.Scheduling.Effort": 0.0,
        "System.Description": "Migration of On-Prem to Azure VM",
        "System.AssignedTo": null,
        "Microsoft.VSTS.Scheduling.RemainingWork": 0.0,
        "Microsoft.VSTS.Common.Priority": 2.0,
        "System.BoardLane": null,
        "System.Tags": null,
        "Microsoft.VSTS.TCM.Steps": null,
        "Microsoft.VSTS.TCM.Parameters": null,
        "Microsoft.VSTS.TCM.LocalDataSource": null,
        "Microsoft.VSTS.TCM.AutomationStatus": null,
        "System.History": null
      },
      "relations": [
        {
          "rel": "System.LinkTypes.Hierarchy-Forward",
          "url": "https://dev.azure.com/kvnshp10/_apis/wit/workItems/517",
          "attributes": {
            "isLocked": "false",
            "comment": "Making a new link for the dependency",
            "name": "Child"
          }
        },
        {
          "rel": "System.LinkTypes.Hierarchy-Reverse",
          "url": "https://dev.azure.com/kvnshp10/_apis/wit/workItems/493",
          "attributes": {
            "isLocked": "false",
            "comment": "Making a new link for the dependency",
            "name": "Parent"
          }
        },
        {
          "rel": "System.LinkTypes.Hierarchy-Forward",
          "url": "https://dev.azure.com/kvnshp10/_apis/wit/workItems/547",
          "attributes": {
            "isLocked": "false",
            "name": "Child"
          }
        },
        {
          "rel": "System.LinkTypes.Hierarchy-Forward",
          "url": "https://dev.azure.com/kvnshp10/_apis/wit/workItems/516",
          "attributes": {
            "isLocked": "false",
            "comment": "Making a new link for the dependency",
            "name": "Child"
          }
        },
        {
          "rel": "System.LinkTypes.Hierarchy-Forward",
          "url": "https://dev.azure.com/kvnshp10/_apis/wit/workItems/515",
          "attributes": {
            "isLocked": "false",
            "comment": "Making a new link for the dependency",
            "name": "Child"
          }
        }
      ],
      "url": "https://dev.azure.com/kvnshp10/_apis/wit/workItems/542"
    },
    {
      "id": 541,
      "rev": 1,
      "fields": {
        "System.AreaPath": "SQLProjectTemplate",
        "System.TeamProject": "SQLProjectTemplate",
        "System.IterationPath": "$ProjectName$\\Iteration 1",
        "System.WorkItemType": "User Story",
        "System.State": "New",
        "System.Reason": "New",
        "System.CreatedDate": "2020-06-25T03:13:07.32Z",
        "System.CreatedBy": "viswanadham kvn <kvn.shp10@outlook.com>",
        "System.ChangedDate": "2020-06-25T03:13:07.32Z",
        "System.ChangedBy": "viswanadham kvn <kvn.shp10@outlook.com>",
        "System.Title": "Migration - On-Prem to Azure SQL Database",
        "Microsoft.VSTS.Scheduling.Effort": 0.0,
        "System.Description": "Migration - On-Prem to Azure SQL Database",
        "System.AssignedTo": null,
        "Microsoft.VSTS.Scheduling.RemainingWork": 0.0,
        "Microsoft.VSTS.Common.Priority": 1.0,
        "System.BoardLane": null,
        "System.Tags": null,
        "Microsoft.VSTS.TCM.Steps": null,
        "Microsoft.VSTS.TCM.Parameters": null,
        "Microsoft.VSTS.TCM.LocalDataSource": null,
        "Microsoft.VSTS.TCM.AutomationStatus": null,
        "System.History": null
      },
      "relations": [
        {
          "rel": "System.LinkTypes.Hierarchy-Forward",
          "url": "https://dev.azure.com/kvnshp10/_apis/wit/workItems/511",
          "attributes": {
            "isLocked": "false",
            "comment": "Making a new link for the dependency",
            "name": "Child"
          }
        },
        {
          "rel": "System.LinkTypes.Hierarchy-Forward",
          "url": "https://dev.azure.com/kvnshp10/_apis/wit/workItems/509",
          "attributes": {
            "isLocked": "false",
            "comment": "Making a new link for the dependency",
            "name": "Child"
          }
        },
        {
          "rel": "System.LinkTypes.Hierarchy-Reverse",
          "url": "https://dev.azure.com/kvnshp10/_apis/wit/workItems/493",
          "attributes": {
            "isLocked": "false",
            "comment": "Making a new link for the dependency",
            "name": "Parent"
          }
        },
        {
          "rel": "System.LinkTypes.Hierarchy-Forward",
          "url": "https://dev.azure.com/kvnshp10/_apis/wit/workItems/512",
          "attributes": {
            "isLocked": "false",
            "comment": "Making a new link for the dependency",
            "name": "Child"
          }
        },
        {
          "rel": "System.LinkTypes.Hierarchy-Forward",
          "url": "https://dev.azure.com/kvnshp10/_apis/wit/workItems/513",
          "attributes": {
            "isLocked": "false",
            "comment": "Making a new link for the dependency",
            "name": "Child"
          }
        }
      ],
      "url": "https://dev.azure.com/kvnshp10/_apis/wit/workItems/541"
    },
    {
      "id": 540,
      "rev": 1,
      "fields": {
        "System.AreaPath": "SQLProjectTemplate",
        "System.TeamProject": "SQLProjectTemplate",
        "System.IterationPath": "$ProjectName$\\Iteration 1",
        "System.WorkItemType": "User Story",
        "System.State": "New",
        "System.Reason": "New",
        "System.CreatedDate": "2020-06-25T03:13:07.037Z",
        "System.CreatedBy": "viswanadham kvn <kvn.shp10@outlook.com>",
        "System.ChangedDate": "2020-06-25T03:13:07.037Z",
        "System.ChangedBy": "viswanadham kvn <kvn.shp10@outlook.com>",
        "System.Title": "Migration - On-Prem to Azure SQL Managed Instance",
        "Microsoft.VSTS.Scheduling.Effort": 0.0,
        "System.Description": "Migration - On-Prem to Azure SQL Managed Instance",
        "System.AssignedTo": null,
        "Microsoft.VSTS.Scheduling.RemainingWork": 0.0,
        "Microsoft.VSTS.Common.Priority": 2.0,
        "System.BoardLane": null,
        "System.Tags": null,
        "Microsoft.VSTS.TCM.Steps": null,
        "Microsoft.VSTS.TCM.Parameters": null,
        "Microsoft.VSTS.TCM.LocalDataSource": null,
        "Microsoft.VSTS.TCM.AutomationStatus": null,
        "System.History": null
      },
      "relations": [
        {
          "rel": "System.LinkTypes.Hierarchy-Forward",
          "url": "https://dev.azure.com/kvnshp10/_apis/wit/workItems/507",
          "attributes": {
            "isLocked": "false",
            "comment": "Making a new link for the dependency",
            "name": "Child"
          }
        },
        {
          "rel": "System.LinkTypes.Hierarchy-Forward",
          "url": "https://dev.azure.com/kvnshp10/_apis/wit/workItems/506",
          "attributes": {
            "isLocked": "false",
            "comment": "Making a new link for the dependency",
            "name": "Child"
          }
        },
        {
          "rel": "System.LinkTypes.Hierarchy-Reverse",
          "url": "https://dev.azure.com/kvnshp10/_apis/wit/workItems/493",
          "attributes": {
            "isLocked": "false",
            "comment": "Making a new link for the dependency",
            "name": "Parent"
          }
        },
        {
          "rel": "System.LinkTypes.Hierarchy-Forward",
          "url": "https://dev.azure.com/kvnshp10/_apis/wit/workItems/504",
          "attributes": {
            "isLocked": "false",
            "comment": "Making a new link for the dependency",
            "name": "Child"
          }
        },
        {
          "rel": "System.LinkTypes.Hierarchy-Forward",
          "url": "https://dev.azure.com/kvnshp10/_apis/wit/workItems/505",
          "attributes": {
            "isLocked": "false",
            "comment": "Making a new link for the dependency",
            "name": "Child"
          }
        }
      ],
      "url": "https://dev.azure.com/kvnshp10/_apis/wit/workItems/540"
    },
    {
      "id": 539,
      "rev": 1,
      "fields": {
        "System.AreaPath": "SQLProjectTemplate",
        "System.TeamProject": "SQLProjectTemplate",
        "System.IterationPath": "$ProjectName$\\Iteration 1",
        "System.WorkItemType": "User Story",
        "System.State": "New",
        "System.Reason": "New",
        "System.CreatedDate": "2020-06-25T03:13:06.757Z",
        "System.CreatedBy": "viswanadham kvn <kvn.shp10@outlook.com>",
        "System.ChangedDate": "2020-06-25T03:13:06.757Z",
        "System.ChangedBy": "viswanadham kvn <kvn.shp10@outlook.com>",
        "System.Title": "SQL Migration - Governance",
        "Microsoft.VSTS.Scheduling.Effort": 0.0,
        "System.Description": "SQL Migration - Governance",
        "System.AssignedTo": null,
        "Microsoft.VSTS.Scheduling.RemainingWork": 0.0,
        "Microsoft.VSTS.Common.Priority": 2.0,
        "System.BoardLane": null,
        "System.Tags": null,
        "Microsoft.VSTS.TCM.Steps": null,
        "Microsoft.VSTS.TCM.Parameters": null,
        "Microsoft.VSTS.TCM.LocalDataSource": null,
        "Microsoft.VSTS.TCM.AutomationStatus": null,
        "System.History": null
      },
      "relations": [
        {
          "rel": "System.LinkTypes.Hierarchy-Forward",
          "url": "https://dev.azure.com/kvnshp10/_apis/wit/workItems/548",
          "attributes": {
            "isLocked": "false",
            "name": "Child"
          }
        },
        {
          "rel": "System.LinkTypes.Hierarchy-Forward",
          "url": "https://dev.azure.com/kvnshp10/_apis/wit/workItems/500",
          "attributes": {
            "isLocked": "false",
            "comment": "Making a new link for the dependency",
            "name": "Child"
          }
        },
        {
          "rel": "System.LinkTypes.Hierarchy-Reverse",
          "url": "https://dev.azure.com/kvnshp10/_apis/wit/workItems/494",
          "attributes": {
            "isLocked": "false",
            "comment": "Making a new link for the dependency",
            "name": "Parent"
          }
        },
        {
          "rel": "System.LinkTypes.Hierarchy-Forward",
          "url": "https://dev.azure.com/kvnshp10/_apis/wit/workItems/501",
          "attributes": {
            "isLocked": "false",
            "comment": "Making a new link for the dependency",
            "name": "Child"
          }
        },
        {
          "rel": "System.LinkTypes.Hierarchy-Forward",
          "url": "https://dev.azure.com/kvnshp10/_apis/wit/workItems/503",
          "attributes": {
            "isLocked": "false",
            "comment": "Making a new link for the dependency",
            "name": "Child"
          }
        },
        {
          "rel": "System.LinkTypes.Hierarchy-Forward",
          "url": "https://dev.azure.com/kvnshp10/_apis/wit/workItems/499",
          "attributes": {
            "isLocked": "false",
            "comment": "Making a new link for the dependency",
            "name": "Child"
          }
        },
        {
          "rel": "System.LinkTypes.Hierarchy-Forward",
          "url": "https://dev.azure.com/kvnshp10/_apis/wit/workItems/502",
          "attributes": {
            "isLocked": "false",
            "comment": "Making a new link for the dependency",
            "name": "Child"
          }
        }
      ],
      "url": "https://dev.azure.com/kvnshp10/_apis/wit/workItems/539"
    },
    {
      "id": 538,
      "rev": 1,
      "fields": {
        "System.AreaPath": "SQLProjectTemplate",
        "System.TeamProject": "SQLProjectTemplate",
        "System.IterationPath": "$ProjectName$\\Iteration 1",
        "System.WorkItemType": "User Story",
        "System.State": "New",
        "System.Reason": "New",
        "System.CreatedDate": "2020-06-25T03:13:06.47Z",
        "System.CreatedBy": "viswanadham kvn <kvn.shp10@outlook.com>",
        "System.ChangedDate": "2020-06-25T03:13:06.47Z",
        "System.ChangedBy": "viswanadham kvn <kvn.shp10@outlook.com>",
        "System.Title": "CAF SQL Migration Project Review and Closer",
        "Microsoft.VSTS.Scheduling.Effort": 0.0,
        "System.Description": "CAF SQL Migration Project Review and Closer",
        "System.AssignedTo": null,
        "Microsoft.VSTS.Scheduling.RemainingWork": 0.0,
        "Microsoft.VSTS.Common.Priority": 2.0,
        "System.BoardLane": null,
        "System.Tags": null,
        "Microsoft.VSTS.TCM.Steps": null,
        "Microsoft.VSTS.TCM.Parameters": null,
        "Microsoft.VSTS.TCM.LocalDataSource": null,
        "Microsoft.VSTS.TCM.AutomationStatus": null,
        "System.History": null
      },
      "relations": [
        {
          "rel": "System.LinkTypes.Hierarchy-Forward",
          "url": "https://dev.azure.com/kvnshp10/_apis/wit/workItems/549",
          "attributes": {
            "isLocked": "false",
            "name": "Child"
          }
        },
        {
          "rel": "System.LinkTypes.Hierarchy-Reverse",
          "url": "https://dev.azure.com/kvnshp10/_apis/wit/workItems/495",
          "attributes": {
            "isLocked": "false",
            "comment": "Making a new link for the dependency",
            "name": "Parent"
          }
        },
        {
          "rel": "System.LinkTypes.Hierarchy-Forward",
          "url": "https://dev.azure.com/kvnshp10/_apis/wit/workItems/496",
          "attributes": {
            "isLocked": "false",
            "comment": "Making a new link for the dependency",
            "name": "Child"
          }
        },
        {
          "rel": "System.LinkTypes.Hierarchy-Forward",
          "url": "https://dev.azure.com/kvnshp10/_apis/wit/workItems/497",
          "attributes": {
            "isLocked": "false",
            "comment": "Making a new link for the dependency",
            "name": "Child"
          }
        }
      ],
      "url": "https://dev.azure.com/kvnshp10/_apis/wit/workItems/538"
    }
  ],
  "HttpStatusCode": 0,
  "Message": null
}